[
	{
		"name": "gimsoymyrene - cassette 1",
		"access_rules": ["gimsoymyrene"],
		"sections": [
			{
				"name": "cassette 1",
				"chest_unopened_img": "images/checks/cassette.png",
				"chest_opened_img": "images/checks/cassette_get.png",
				"item_count": 1
			}
		],
		"map_locations": [
			{
				"map": "gimsoymyrene",
				"x": 215,
				"y": 199
			}
		]
	},
	{
		"name": "gimsoymyrene - cassette 2",
		"access_rules": ["gimsoymyrene"],
		"sections": [
			{
				"name": "cassette 2",
				"chest_unopened_img": "images/checks/cassette.png",
				"chest_opened_img": "images/checks/cassette_get.png",
				"item_count": 1
			}
		],
		"map_locations": [
			{
				"map": "gimsoymyrene",
				"x": 260,
				"y": 326
			}
		]
	},
	{
		"name": "gimsoymyrene - cassette 3",
		"access_rules": ["gimsoymyrene"],
		"sections": [
			{
				"name": "cassette 3",
				"chest_unopened_img": "images/checks/cassette.png",
				"chest_opened_img": "images/checks/cassette_get.png",
				"item_count": 1
			}
		],
		"map_locations": [
			{
				"map": "gimsoymyrene",
				"x": 414,
				"y": 238
			}
		]
	},
	{
		"name": "gimsoymyrene - cassette 4",
		"access_rules": ["gimsoymyrene"],
		"sections": [
			{
				"name": "cassette 4",
				"chest_unopened_img": "images/checks/cassette.png",
				"chest_opened_img": "images/checks/cassette_get.png",
				"item_count": 1
			}
		],
		"map_locations": [
			{
				"map": "gimsoymyrene",
				"x": 296,
				"y": 434
			}
		]
	},
	{
		"name": "gimsoymyrene - cassette 5",
		"access_rules": ["gimsoymyrene"],
		"sections": [
			{
				"name": "cassette 5",
				"chest_unopened_img": "images/checks/cassette.png",
				"chest_opened_img": "images/checks/cassette_get.png",
				"item_count": 1
			}
		],
		"map_locations": [
			{
				"map": "gimsoymyrene",
				"x": 386,
				"y": 558
			}
		]
	},
	{
		"name": "gimsoymyrene - view 1",
		"access_rules": ["gimsoymyrene"],
		"sections": [
			{
				"name": "view 1",
				"chest_unopened_img": "images/checks/view.png",
				"chest_opened_img": "images/checks/view_get.png",
				"item_count": 1
			}
		],
		"map_locations": [
			{
				"map": "gimsoymyrene",
				"x": 222,
				"y": 226
			}
		]
	},
	{
		"name": "gimsoymyrene - view 2",
		"access_rules": ["gimsoymyrene"],
		"sections": [
			{
				"name": "view 2",
				"chest_unopened_img": "images/checks/view.png",
				"chest_opened_img": "images/checks/view_get.png",
				"item_count": 1
			}
		],
		"map_locations": [
			{
				"map": "gimsoymyrene",
				"x": 282,
				"y": 315
			}
		]
	},
	{
		"name": "gimsoymyrene - view 3",
		"access_rules": ["gimsoymyrene"],
		"sections": [
			{
				"name": "view 3",
				"chest_unopened_img": "images/checks/view.png",
				"chest_opened_img": "images/checks/view_get.png",
				"item_count": 1
			}
		],
		"map_locations": [
			{
				"map": "gimsoymyrene",
				"x": 410,
				"y": 268
			}
		]
	},
	{
		"name": "gimsoymyrene - view 4",
		"access_rules": ["gimsoymyrene"],
		"sections": [
			{
				"name": "view 4",
				"chest_unopened_img": "images/checks/view.png",
				"chest_opened_img": "images/checks/view_get.png",
				"item_count": 1
			}
		],
		"map_locations": [
			{
				"map": "gimsoymyrene",
				"x": 506,
				"y": 525
			}
		]
	},
	{
		"name": "gimsoymyrene - view 5",
		"access_rules": ["gimsoymyrene"],
		"sections": [
			{
				"name": "view 5",
				"chest_unopened_img": "images/checks/view.png",
				"chest_opened_img": "images/checks/view_get.png",
				"item_count": 1
			}
		],
		"map_locations": [
			{
				"map": "gimsoymyrene",
				"x": 376,
				"y": 572
			}
		]
	},
	{
		"name": "gimsoymyrene - R",
		"access_rules": ["gimsoymyrene"],
		"sections": [
			{
				"name": "R",
				"chest_unopened_img": "images/checks/r.png",
				"chest_opened_img": "images/checks/r_get.png",
				"item_count": 1
			}
		],
		"map_locations": [
			{
				"map": "gimsoymyrene",
				"x": 476,
				"y": 492
			}
		]
	},
	{
		"name": "gimsoymyrene - A",
		"access_rules": ["gimsoymyrene"],
		"sections": [
			{
				"name": "A",
				"chest_unopened_img": "images/checks/a.png",
				"chest_opened_img": "images/checks/a_get.png",
				"item_count": 1
			}
		],
		"map_locations": [
			{
				"map": "gimsoymyrene",
				"x": 417,
				"y": 392
			}
		]
	},
	{
		"name": "gimsoymyrene - L (a)",
		"access_rules": ["gimsoymyrene"],
		"sections": [
			{
				"name": "L (a)",
				"chest_unopened_img": "images/checks/l.png",
				"chest_opened_img": "images/checks/l_get.png",
				"item_count": 1
			}
		],
		"map_locations": [
			{
				"map": "gimsoymyrene",
				"x": 430,
				"y": 222
			}
		]
	},
	{
		"name": "gimsoymyrene - L (b)",
		"access_rules": ["gimsoymyrene"],
		"sections": [
			{
				"name": "L (b)",
				"chest_unopened_img": "images/checks/l.png",
				"chest_opened_img": "images/checks/l_get.png",
				"item_count": 1
			}
		],
		"map_locations": [
			{
				"map": "gimsoymyrene",
				"x": 160,
				"y": 216
			}
		]
	},
	{
		"name": "gimsoymyrene - Y",
		"access_rules": ["gimsoymyrene"],
		"sections": [
			{
				"name": "Y",
				"chest_unopened_img": "images/checks/y.png",
				"chest_opened_img": "images/checks/y_get.png",
				"item_count": 1
			}
		],
		"map_locations": [
			{
				"map": "gimsoymyrene",
				"x": 357,
				"y": 302
			}
		]
	},
	{
		"name": "gimsoymyrene - funselector's van",
		"access_rules": ["gimsoymyrene"],
		"sections": [
			{
				"name": "funselector's van",
				"chest_unopened_img": "images/checks/van.png",
				"chest_opened_img": "images/checks/van_get.png",
				"item_count": 1
			}
		],
		"map_locations": [
			{
				"map": "gimsoymyrene",
				"x": 360,
				"y": 366
			}
		]
	}        
]