[
	{
		"name": "kabeana island - cassette 1",
		"access_rules": ["kabeana_island"],
		"sections": [
			{
				"name": "cassette 1",
				"chest_unopened_img": "images/checks/cassette.png",
				"chest_opened_img": "images/checks/cassette_get.png",
				"item_count": 1
			}
		],
		"map_locations": [
			{
				"map": "kabeana_island",
				"x": 374,
				"y": 330
			}
		]
	},
	{
		"name": "kabeana island - cassette 2",
		"access_rules": ["kabeana_island"],
		"sections": [
			{
				"name": "cassette 2",
				"chest_unopened_img": "images/checks/cassette.png",
				"chest_opened_img": "images/checks/cassette_get.png",
				"item_count": 1
			}
		],
		"map_locations": [
			{
				"map": "kabeana_island",
				"x": 388,
				"y": 598
			}
		]
	},
	{
		"name": "kabeana island - cassette 3",
		"access_rules": ["kabeana_island"],
		"sections": [
			{
				"name": "cassette 3",
				"chest_unopened_img": "images/checks/cassette.png",
				"chest_opened_img": "images/checks/cassette_get.png",
				"item_count": 1
			}
		],
		"map_locations": [
			{
				"map": "kabeana_island",
				"x": 278,
				"y": 148
			}
		]
	},
	{
		"name": "kabeana island - cassette 4",
		"access_rules": ["kabeana_island"],
		"sections": [
			{
				"name": "cassette 4",
				"chest_unopened_img": "images/checks/cassette.png",
				"chest_opened_img": "images/checks/cassette_get.png",
				"item_count": 1
			}
		],
		"map_locations": [
			{
				"map": "kabeana_island",
				"x": 342,
				"y": 236
			}
		]
	},
	{
		"name": "kabeana island - cassette 5",
		"access_rules": ["kabeana_island"],
		"sections": [
			{
				"name": "cassette 5",
				"chest_unopened_img": "images/checks/cassette.png",
				"chest_opened_img": "images/checks/cassette_get.png",
				"item_count": 1
			}
		],
		"map_locations": [
			{
				"map": "kabeana_island",
				"x": 382,
				"y": 203
			}
		]
	},
	{
		"name": "kabeana island - view 1",
		"access_rules": ["kabeana_island"],
		"sections": [
			{
				"name": "view 1",
				"chest_unopened_img": "images/checks/view.png",
				"chest_opened_img": "images/checks/view_get.png",
				"item_count": 1
			}
		],
		"map_locations": [
			{
				"map": "kabeana_island",
				"x": 320,
				"y": 412
			}
		]
	},
	{
		"name": "kabeana island - view 2",
		"access_rules": ["kabeana_island"],
		"sections": [
			{
				"name": "view 2",
				"chest_unopened_img": "images/checks/view.png",
				"chest_opened_img": "images/checks/view_get.png",
				"item_count": 1
			}
		],
		"map_locations": [
			{
				"map": "kabeana_island",
				"x": 280,
				"y": 323
			}
		]
	},
	{
		"name": "kabeana island - view 3",
		"access_rules": ["kabeana_island"],
		"sections": [
			{
				"name": "view 3",
				"chest_unopened_img": "images/checks/view.png",
				"chest_opened_img": "images/checks/view_get.png",
				"item_count": 1
			}
		],
		"map_locations": [
			{
				"map": "kabeana_island",
				"x": 226,
				"y": 239
			}
		]
	},
	{
		"name": "kabeana island - view 4",
		"access_rules": ["kabeana_island"],
		"sections": [
			{
				"name": "view 4",
				"chest_unopened_img": "images/checks/view.png",
				"chest_opened_img": "images/checks/view_get.png",
				"item_count": 1
			}
		],
		"map_locations": [
			{
				"map": "kabeana_island",
				"x": 282,
				"y": 182
			}
		]
	},
	{
		"name": "kabeana island - view 5",
		"access_rules": ["kabeana_island"],
		"sections": [
			{
				"name": "view 5",
				"chest_unopened_img": "images/checks/view.png",
				"chest_opened_img": "images/checks/view_get.png",
				"item_count": 1
			}
		],
		"map_locations": [
			{
				"map": "kabeana_island",
				"x": 270,
				"y": 84
			}
		]
	},
	{
		"name": "kabeana island - R",
		"access_rules": ["kabeana_island"],
		"sections": [
			{
				"name": "R",
				"chest_unopened_img": "images/checks/r.png",
				"chest_opened_img": "images/checks/r_get.png",
				"item_count": 1
			}
		],
		"map_locations": [
			{
				"map": "kabeana_island",
				"x": 372,
				"y": 493
			}
		]
	},
	{
		"name": "kabeana island - A",
		"access_rules": ["kabeana_island"],
		"sections": [
			{
				"name": "A",
				"chest_unopened_img": "images/checks/a.png",
				"chest_opened_img": "images/checks/a_get.png",
				"item_count": 1
			}
		],
		"map_locations": [
			{
				"map": "kabeana_island",
				"x": 316,
				"y": 343
			}
		]
	},
	{
		"name": "kabeana island - L (a)",
		"access_rules": ["kabeana_island"],
		"sections": [
			{
				"name": "L (a)",
				"chest_unopened_img": "images/checks/l.png",
				"chest_opened_img": "images/checks/l_get.png",
				"item_count": 1
			}
		],
		"map_locations": [
			{
				"map": "kabeana_island",
				"x": 354,
				"y": 596
			}
		]
	},
	{
		"name": "kabeana island - L (b)",
		"access_rules": ["kabeana_island"],
		"sections": [
			{
				"name": "L (b)",
				"chest_unopened_img": "images/checks/l.png",
				"chest_opened_img": "images/checks/l_get.png",
				"item_count": 1
			}
		],
		"map_locations": [
			{
				"map": "kabeana_island",
				"x": 367,
				"y": 294
			}
		]
	},
	{
		"name": "kabeana island - Y",
		"access_rules": ["kabeana_island"],
		"sections": [
			{
				"name": "Y",
				"chest_unopened_img": "images/checks/y.png",
				"chest_opened_img": "images/checks/y_get.png",
				"item_count": 1
			}
		],
		"map_locations": [
			{
				"map": "kabeana_island",
				"x": 366,
				"y": 262
			}
		]
	},
	{
		"name": "kabeana island - funselector's van",
		"access_rules": ["kabeana_island"],
		"sections": [
			{
				"name": "funselector's van",
				"chest_unopened_img": "images/checks/van.png",
				"chest_opened_img": "images/checks/van_get.png",
				"item_count": 1
			}
		],
		"map_locations": [
			{
				"map": "kabeana_island",
				"x": 363,
				"y": 611
			}
		]
	}        
]