[
	{
		"name": "kanto mountains - cassette 1",
		"access_rules": ["kanto_mountains"],
		"sections": [
			{
				"name": "cassette 1",
				"chest_unopened_img": "images/checks/cassette.png",
				"chest_opened_img": "images/checks/cassette_get.png",
				"item_count": 1
			}
		],
		"map_locations": [
			{
				"map": "kanto_mountains",
				"x": 287,
				"y": 297
			}
		]
	},
	{
		"name": "kanto mountains - cassette 2",
		"access_rules": ["kanto_mountains"],
		"sections": [
			{
				"name": "cassette 2",
				"chest_unopened_img": "images/checks/cassette.png",
				"chest_opened_img": "images/checks/cassette_get.png",
				"item_count": 1
			}
		],
		"map_locations": [
			{
				"map": "kanto_mountains",
				"x": 378,
				"y": 406
			}
		]
	},
	{
		"name": "kanto mountains - cassette 3",
		"access_rules": ["kanto_mountains"],
		"sections": [
			{
				"name": "cassette 3",
				"chest_unopened_img": "images/checks/cassette.png",
				"chest_opened_img": "images/checks/cassette_get.png",
				"item_count": 1
			}
		],
		"map_locations": [
			{
				"map": "kanto_mountains",
				"x": 540,
				"y": 549
			}
		]
	},
	{
		"name": "kanto mountains - cassette 4",
		"access_rules": ["kanto_mountains"],
		"sections": [
			{
				"name": "cassette 4",
				"chest_unopened_img": "images/checks/cassette.png",
				"chest_opened_img": "images/checks/cassette_get.png",
				"item_count": 1
			}
		],
		"map_locations": [
			{
				"map": "kanto_mountains",
				"x": 186,
				"y": 552
			}
		]
	},
	{
		"name": "kanto mountains - cassette 5",
		"access_rules": ["kanto_mountains"],
		"sections": [
			{
				"name": "cassette 5",
				"chest_unopened_img": "images/checks/cassette.png",
				"chest_opened_img": "images/checks/cassette_get.png",
				"item_count": 1
			}
		],
		"map_locations": [
			{
				"map": "kanto_mountains",
				"x": 277,
				"y": 404
			}
		]
	},
	{
		"name": "kanto mountains - view 1",
		"access_rules": ["kanto_mountains"],
		"sections": [
			{
				"name": "view 1",
				"chest_unopened_img": "images/checks/view.png",
				"chest_opened_img": "images/checks/view_get.png",
				"item_count": 1
			}
		],
		"map_locations": [
			{
				"map": "kanto_mountains",
				"x": 396,
				"y": 413
			}
		]
	},
	{
		"name": "kanto mountains - view 2",
		"access_rules": ["kanto_mountains"],
		"sections": [
			{
				"name": "view 2",
				"chest_unopened_img": "images/checks/view.png",
				"chest_opened_img": "images/checks/view_get.png",
				"item_count": 1
			}
		],
		"map_locations": [
			{
				"map": "kanto_mountains",
				"x": 548,
				"y": 522
			}
		]
	},
	{
		"name": "kanto mountains - view 3",
		"access_rules": ["kanto_mountains"],
		"sections": [
			{
				"name": "view 3",
				"chest_unopened_img": "images/checks/view.png",
				"chest_opened_img": "images/checks/view_get.png",
				"item_count": 1
			}
		],
		"map_locations": [
			{
				"map": "kanto_mountains",
				"x": 416,
				"y": 474
			}
		]
	},
	{
		"name": "kanto mountains - view 4",
		"access_rules": ["kanto_mountains"],
		"sections": [
			{
				"name": "view 4",
				"chest_unopened_img": "images/checks/view.png",
				"chest_opened_img": "images/checks/view_get.png",
				"item_count": 1
			}
		],
		"map_locations": [
			{
				"map": "kanto_mountains",
				"x": 289,
				"y": 431
			}
		]
	},
	{
		"name": "kanto mountains - view 5",
		"access_rules": ["kanto_mountains"],
		"sections": [
			{
				"name": "view 5",
				"chest_unopened_img": "images/checks/view.png",
				"chest_opened_img": "images/checks/view_get.png",
				"item_count": 1
			}
		],
		"map_locations": [
			{
				"map": "kanto_mountains",
				"x": 417,
				"y": 210
			}
		]
	},
	{
		"name": "kanto mountains - R",
		"access_rules": ["kanto_mountains"],
		"sections": [
			{
				"name": "R",
				"chest_unopened_img": "images/checks/r.png",
				"chest_opened_img": "images/checks/r_get.png",
				"item_count": 1
			}
		],
		"map_locations": [
			{
				"map": "kanto_mountains",
				"x": 333,
				"y": 325
			}
		]
	},
	{
		"name": "kanto mountains - A",
		"access_rules": ["kanto_mountains"],
		"sections": [
			{
				"name": "A",
				"chest_unopened_img": "images/checks/a.png",
				"chest_opened_img": "images/checks/a_get.png",
				"item_count": 1
			}
		],
		"map_locations": [
			{
				"map": "kanto_mountains",
				"x": 114,
				"y": 322
			}
		]
	},
	{
		"name": "kanto mountains - L (a)",
		"access_rules": ["kanto_mountains"],
		"sections": [
			{
				"name": "L (a)",
				"chest_unopened_img": "images/checks/l.png",
				"chest_opened_img": "images/checks/l_get.png",
				"item_count": 1
			}
		],
		"map_locations": [
			{
				"map": "kanto_mountains",
				"x": 214,
				"y": 386
			}
		]
	},
	{
		"name": "kanto mountains - L (b)",
		"access_rules": ["kanto_mountains"],
		"sections": [
			{
				"name": "L (b)",
				"chest_unopened_img": "images/checks/l.png",
				"chest_opened_img": "images/checks/l_get.png",
				"item_count": 1
			}
		],
		"map_locations": [
			{
				"map": "kanto_mountains",
				"x": 384,
				"y": 138
			}
		]
	},
	{
		"name": "kanto mountains - Y",
		"access_rules": ["kanto_mountains"],
		"sections": [
			{
				"name": "Y",
				"chest_unopened_img": "images/checks/y.png",
				"chest_opened_img": "images/checks/y_get.png",
				"item_count": 1
			}
		],
		"map_locations": [
			{
				"map": "kanto_mountains",
				"x": 456,
				"y": 373
			}
		]
	},
	{
		"name": "kanto mountains - funselector's van",
		"access_rules": ["kanto_mountains"],
		"sections": [
			{
				"name": "funselector's van",
				"chest_unopened_img": "images/checks/van.png",
				"chest_opened_img": "images/checks/van_get.png",
				"item_count": 1
			}
		],
		"map_locations": [
			{
				"map": "kanto_mountains",
				"x": 350,
				"y": 158
			}
		]
	}        
]