[
	{
		"name": "korkatti lakes - cassette 1",
		"access_rules": ["korkatti_lakes"],
		"sections": [
			{
				"name": "cassette 1",
				"chest_unopened_img": "images/checks/cassette.png",
				"chest_opened_img": "images/checks/cassette_get.png",
				"item_count": 1
			}
		],
		"map_locations": [
			{
				"map": "korkatti_lakes",
				"x": 514,
				"y": 309
			}
		]
	},
	{
		"name": "korkatti lakes - cassette 2",
		"access_rules": ["korkatti_lakes"],
		"sections": [
			{
				"name": "cassette 2",
				"chest_unopened_img": "images/checks/cassette.png",
				"chest_opened_img": "images/checks/cassette_get.png",
				"item_count": 1
			}
		],
		"map_locations": [
			{
				"map": "korkatti_lakes",
				"x": 584,
				"y": 315
			}
		]
	},
	{
		"name": "korkatti lakes - cassette 3",
		"access_rules": ["korkatti_lakes"],
		"sections": [
			{
				"name": "cassette 3",
				"chest_unopened_img": "images/checks/cassette.png",
				"chest_opened_img": "images/checks/cassette_get.png",
				"item_count": 1
			}
		],
		"map_locations": [
			{
				"map": "korkatti_lakes",
				"x": 648,
				"y": 57
			}
		]
	},
	{
		"name": "korkatti lakes - cassette 4",
		"access_rules": ["korkatti_lakes"],
		"sections": [
			{
				"name": "cassette 4",
				"chest_unopened_img": "images/checks/cassette.png",
				"chest_opened_img": "images/checks/cassette_get.png",
				"item_count": 1
			}
		],
		"map_locations": [
			{
				"map": "korkatti_lakes",
				"x": 270,
				"y": 553
			}
		]
	},
	{
		"name": "korkatti lakes - cassette 5",
		"access_rules": ["korkatti_lakes"],
		"sections": [
			{
				"name": "cassette 5",
				"chest_unopened_img": "images/checks/cassette.png",
				"chest_opened_img": "images/checks/cassette_get.png",
				"item_count": 1
			}
		],
		"map_locations": [
			{
				"map": "korkatti_lakes",
				"x": 188,
				"y": 152
			}
		]
	},
	{
		"name": "korkatti lakes - view 1",
		"access_rules": ["korkatti_lakes"],
		"sections": [
			{
				"name": "view 1",
				"chest_unopened_img": "images/checks/view.png",
				"chest_opened_img": "images/checks/view_get.png",
				"item_count": 1
			}
		],
		"map_locations": [
			{
				"map": "korkatti_lakes",
				"x": 540,
				"y": 334
			}
		]
	},
	{
		"name": "korkatti lakes - view 2",
		"access_rules": ["korkatti_lakes"],
		"sections": [
			{
				"name": "view 2",
				"chest_unopened_img": "images/checks/view.png",
				"chest_opened_img": "images/checks/view_get.png",
				"item_count": 1
			}
		],
		"map_locations": [
			{
				"map": "korkatti_lakes",
				"x": 652,
				"y": 423
			}
		]
	},
	{
		"name": "korkatti lakes - view 3",
		"access_rules": ["korkatti_lakes"],
		"sections": [
			{
				"name": "view 3",
				"chest_unopened_img": "images/checks/view.png",
				"chest_opened_img": "images/checks/view_get.png",
				"item_count": 1
			}
		],
		"map_locations": [
			{
				"map": "korkatti_lakes",
				"x": 536,
				"y": 602
			}
		]
	},
	{
		"name": "korkatti lakes - view 4",
		"access_rules": ["korkatti_lakes"],
		"sections": [
			{
				"name": "view 4",
				"chest_unopened_img": "images/checks/view.png",
				"chest_opened_img": "images/checks/view_get.png",
				"item_count": 1
			}
		],
		"map_locations": [
			{
				"map": "korkatti_lakes",
				"x": 187,
				"y": 186
			}
		]
	},
	{
		"name": "korkatti lakes - view 5",
		"access_rules": ["korkatti_lakes"],
		"sections": [
			{
				"name": "view 5",
				"chest_unopened_img": "images/checks/view.png",
				"chest_opened_img": "images/checks/view_get.png",
				"item_count": 1
			}
		],
		"map_locations": [
			{
				"map": "korkatti_lakes",
				"x": 248,
				"y": 157
			}
		]
	},
	{
		"name": "korkatti lakes - R",
		"access_rules": ["korkatti_lakes"],
		"sections": [
			{
				"name": "R",
				"chest_unopened_img": "images/checks/r.png",
				"chest_opened_img": "images/checks/r_get.png",
				"item_count": 1
			}
		],
		"map_locations": [
			{
				"map": "korkatti_lakes",
				"x": 591,
				"y": 362
			}
		]
	},
	{
		"name": "korkatti lakes - A",
		"access_rules": ["korkatti_lakes"],
		"sections": [
			{
				"name": "A",
				"chest_unopened_img": "images/checks/a.png",
				"chest_opened_img": "images/checks/a_get.png",
				"item_count": 1
			}
		],
		"map_locations": [
			{
				"map": "korkatti_lakes",
				"x": 392,
				"y": 480
			}
		]
	},
	{
		"name": "korkatti lakes - L (a)",
		"access_rules": ["korkatti_lakes"],
		"sections": [
			{
				"name": "L (a)",
				"chest_unopened_img": "images/checks/l.png",
				"chest_opened_img": "images/checks/l_get.png",
				"item_count": 1
			}
		],
		"map_locations": [
			{
				"map": "korkatti_lakes",
				"x": 134,
				"y": 426
			}
		]
	},
	{
		"name": "korkatti lakes - L (b)",
		"access_rules": ["korkatti_lakes"],
		"sections": [
			{
				"name": "L (b)",
				"chest_unopened_img": "images/checks/l.png",
				"chest_opened_img": "images/checks/l_get.png",
				"item_count": 1
			}
		],
		"map_locations": [
			{
				"map": "korkatti_lakes",
				"x": 162,
				"y": 292
			}
		]
	},
	{
		"name": "korkatti lakes - Y",
		"access_rules": ["korkatti_lakes"],
		"sections": [
			{
				"name": "Y",
				"chest_unopened_img": "images/checks/y.png",
				"chest_opened_img": "images/checks/y_get.png",
				"item_count": 1
			}
		],
		"map_locations": [
			{
				"map": "korkatti_lakes",
				"x": 418,
				"y": 280
			}
		]
	},
	{
		"name": "korkatti lakes - funselector's van",
		"access_rules": ["korkatti_lakes"],
		"sections": [
			{
				"name": "funselector's van",
				"chest_unopened_img": "images/checks/van.png",
				"chest_opened_img": "images/checks/van_get.png",
				"item_count": 1
			}
		],
		"map_locations": [
			{
				"map": "korkatti_lakes",
				"x": 131,
				"y": 519
			}
		]
	}        
]