[
	{
		"name": "mannebach - cassette 1",
		"access_rules": ["mannebach"],
		"sections": [
			{
				"name": "cassette 1",
				"chest_unopened_img": "images/checks/cassette.png",
				"chest_opened_img": "images/checks/cassette_get.png",
				"item_count": 1
			}
		],
		"map_locations": [
			{
				"map": "mannebach",
				"x": 398,
				"y": 254
			}
		]
	},
	{
		"name": "mannebach - cassette 2",
		"access_rules": ["mannebach"],
		"sections": [
			{
				"name": "cassette 2",
				"chest_unopened_img": "images/checks/cassette.png",
				"chest_opened_img": "images/checks/cassette_get.png",
				"item_count": 1
			}
		],
		"map_locations": [
			{
				"map": "mannebach",
				"x": 436,
				"y": 116
			}
		]
	},
	{
		"name": "mannebach - cassette 3",
		"access_rules": ["mannebach"],
		"sections": [
			{
				"name": "cassette 3",
				"chest_unopened_img": "images/checks/cassette.png",
				"chest_opened_img": "images/checks/cassette_get.png",
				"item_count": 1
			}
		],
		"map_locations": [
			{
				"map": "mannebach",
				"x": 610,
				"y": 386
			}
		]
	},
	{
		"name": "mannebach - cassette 4",
		"access_rules": ["mannebach"],
		"sections": [
			{
				"name": "cassette 4",
				"chest_unopened_img": "images/checks/cassette.png",
				"chest_opened_img": "images/checks/cassette_get.png",
				"item_count": 1
			}
		],
		"map_locations": [
			{
				"map": "mannebach",
				"x": 177,
				"y": 189
			}
		]
	},
	{
		"name": "mannebach - cassette 5",
		"access_rules": ["mannebach"],
		"sections": [
			{
				"name": "cassette 5",
				"chest_unopened_img": "images/checks/cassette.png",
				"chest_opened_img": "images/checks/cassette_get.png",
				"item_count": 1
			}
		],
		"map_locations": [
			{
				"map": "mannebach",
				"x": 54,
				"y": 166
			}
		]
	},
	{
		"name": "mannebach - view 1",
		"access_rules": ["mannebach"],
		"sections": [
			{
				"name": "view 1",
				"chest_unopened_img": "images/checks/view.png",
				"chest_opened_img": "images/checks/view_get.png",
				"item_count": 1
			}
		],
		"map_locations": [
			{
				"map": "mannebach",
				"x": 304,
				"y": 212
			}
		]
	},
	{
		"name": "mannebach - view 2",
		"access_rules": ["mannebach"],
		"sections": [
			{
				"name": "view 2",
				"chest_unopened_img": "images/checks/view.png",
				"chest_opened_img": "images/checks/view_get.png",
				"item_count": 1
			}
		],
		"map_locations": [
			{
				"map": "mannebach",
				"x": 628,
				"y": 390
			}
		]
	},
	{
		"name": "mannebach - view 3",
		"access_rules": ["mannebach"],
		"sections": [
			{
				"name": "view 3",
				"chest_unopened_img": "images/checks/view.png",
				"chest_opened_img": "images/checks/view_get.png",
				"item_count": 1
			}
		],
		"map_locations": [
			{
				"map": "mannebach",
				"x": 243,
				"y": 326
			}
		]
	},
	{
		"name": "mannebach - view 4",
		"access_rules": ["mannebach"],
		"sections": [
			{
				"name": "view 4",
				"chest_unopened_img": "images/checks/view.png",
				"chest_opened_img": "images/checks/view_get.png",
				"item_count": 1
			}
		],
		"map_locations": [
			{
				"map": "mannebach",
				"x": 160,
				"y": 420
			}
		]
	},
	{
		"name": "mannebach - view 5",
		"access_rules": ["mannebach"],
		"sections": [
			{
				"name": "view 5",
				"chest_unopened_img": "images/checks/view.png",
				"chest_opened_img": "images/checks/view_get.png",
				"item_count": 1
			}
		],
		"map_locations": [
			{
				"map": "mannebach",
				"x": 60,
				"y": 136
			}
		]
	},
	{
		"name": "mannebach - R",
		"access_rules": ["mannebach"],
		"sections": [
			{
				"name": "R",
				"chest_unopened_img": "images/checks/r.png",
				"chest_opened_img": "images/checks/r_get.png",
				"item_count": 1
			}
		],
		"map_locations": [
			{
				"map": "mannebach",
				"x": 511,
				"y": 242
			}
		]
	},
	{
		"name": "mannebach - A",
		"access_rules": ["mannebach"],
		"sections": [
			{
				"name": "A",
				"chest_unopened_img": "images/checks/a.png",
				"chest_opened_img": "images/checks/a_get.png",
				"item_count": 1
			}
		],
		"map_locations": [
			{
				"map": "mannebach",
				"x": 440,
				"y": 162
			}
		]
	},
	{
		"name": "mannebach - L (a)",
		"access_rules": ["mannebach"],
		"sections": [
			{
				"name": "L (a)",
				"chest_unopened_img": "images/checks/l.png",
				"chest_opened_img": "images/checks/l_get.png",
				"item_count": 1
			}
		],
		"map_locations": [
			{
				"map": "mannebach",
				"x": 496,
				"y": 330
			}
		]
	},
	{
		"name": "mannebach - L (b)",
		"access_rules": ["mannebach"],
		"sections": [
			{
				"name": "L (b)",
				"chest_unopened_img": "images/checks/l.png",
				"chest_opened_img": "images/checks/l_get.png",
				"item_count": 1
			}
		],
		"map_locations": [
			{
				"map": "mannebach",
				"x": 278,
				"y": 266
			}
		]
	},
	{
		"name": "mannebach - Y",
		"access_rules": ["mannebach"],
		"sections": [
			{
				"name": "Y",
				"chest_unopened_img": "images/checks/y.png",
				"chest_opened_img": "images/checks/y_get.png",
				"item_count": 1
			}
		],
		"map_locations": [
			{
				"map": "mannebach",
				"x": 50,
				"y": 111
			}
		]
	},
	{
		"name": "mannebach - funselector's van",
		"access_rules": ["mannebach"],
		"sections": [
			{
				"name": "funselector's van",
				"chest_unopened_img": "images/checks/van.png",
				"chest_opened_img": "images/checks/van_get.png",
				"item_count": 1
			}
		],
		"map_locations": [
			{
				"map": "mannebach",
				"x": 30,
				"y": 128
			}
		]
	}        
]