[
	{
		"name": "mara simba - cassette 1",
		"access_rules": ["mara_simba"],
		"sections": [
			{
				"name": "cassette 1",
				"chest_unopened_img": "images/checks/cassette.png",
				"chest_opened_img": "images/checks/cassette_get.png",
				"item_count": 1
			}
		],
		"map_locations": [
			{
				"map": "mara_simba",
				"x": 418,
				"y": 238
			}
		]
	},
	{
		"name": "mara simba - cassette 2",
		"access_rules": ["mara_simba"],
		"sections": [
			{
				"name": "cassette 2",
				"chest_unopened_img": "images/checks/cassette.png",
				"chest_opened_img": "images/checks/cassette_get.png",
				"item_count": 1
			}
		],
		"map_locations": [
			{
				"map": "mara_simba",
				"x": 419,
				"y": 554
			}
		]
	},
	{
		"name": "mara simba - cassette 3",
		"access_rules": ["mara_simba"],
		"sections": [
			{
				"name": "cassette 3",
				"chest_unopened_img": "images/checks/cassette.png",
				"chest_opened_img": "images/checks/cassette_get.png",
				"item_count": 1
			}
		],
		"map_locations": [
			{
				"map": "mara_simba",
				"x": 376,
				"y": 552
			}
		]
	},
	{
		"name": "mara simba - cassette 4",
		"access_rules": ["mara_simba"],
		"sections": [
			{
				"name": "cassette 4",
				"chest_unopened_img": "images/checks/cassette.png",
				"chest_opened_img": "images/checks/cassette_get.png",
				"item_count": 1
			}
		],
		"map_locations": [
			{
				"map": "mara_simba",
				"x": 308,
				"y": 180
			}
		]
	},
	{
		"name": "mara simba - cassette 5",
		"access_rules": ["mara_simba"],
		"sections": [
			{
				"name": "cassette 5",
				"chest_unopened_img": "images/checks/cassette.png",
				"chest_opened_img": "images/checks/cassette_get.png",
				"item_count": 1
			}
		],
		"map_locations": [
			{
				"map": "mara_simba",
				"x": 150,
				"y": 114
			}
		]
	},
	{
		"name": "mara simba - view 1",
		"access_rules": ["mara_simba"],
		"sections": [
			{
				"name": "view 1",
				"chest_unopened_img": "images/checks/view.png",
				"chest_opened_img": "images/checks/view_get.png",
				"item_count": 1
			}
		],
		"map_locations": [
			{
				"map": "mara_simba",
				"x": 422,
				"y": 130
			}
		]
	},
	{
		"name": "mara simba - view 2",
		"access_rules": ["mara_simba"],
		"sections": [
			{
				"name": "view 2",
				"chest_unopened_img": "images/checks/view.png",
				"chest_opened_img": "images/checks/view_get.png",
				"item_count": 1
			}
		],
		"map_locations": [
			{
				"map": "mara_simba",
				"x": 466,
				"y": 358
			}
		]
	},
	{
		"name": "mara simba - view 3",
		"access_rules": ["mara_simba"],
		"sections": [
			{
				"name": "view 3",
				"chest_unopened_img": "images/checks/view.png",
				"chest_opened_img": "images/checks/view_get.png",
				"item_count": 1
			}
		],
		"map_locations": [
			{
				"map": "mara_simba",
				"x": 283,
				"y": 530
			}
		]
	},
	{
		"name": "mara simba - view 4",
		"access_rules": ["mara_simba"],
		"sections": [
			{
				"name": "view 4",
				"chest_unopened_img": "images/checks/view.png",
				"chest_opened_img": "images/checks/view_get.png",
				"item_count": 1
			}
		],
		"map_locations": [
			{
				"map": "mara_simba",
				"x": 135,
				"y": 417
			}
		]
	},
	{
		"name": "mara simba - view 5",
		"access_rules": ["mara_simba"],
		"sections": [
			{
				"name": "view 5",
				"chest_unopened_img": "images/checks/view.png",
				"chest_opened_img": "images/checks/view_get.png",
				"item_count": 1
			}
		],
		"map_locations": [
			{
				"map": "mara_simba",
				"x": 228,
				"y": 361
			}
		]
	},
	{
		"name": "mara simba - R",
		"access_rules": ["mara_simba"],
		"sections": [
			{
				"name": "R",
				"chest_unopened_img": "images/checks/r.png",
				"chest_opened_img": "images/checks/r_get.png",
				"item_count": 1
			}
		],
		"map_locations": [
			{
				"map": "mara_simba",
				"x": 528,
				"y": 109
			}
		]
	},
	{
		"name": "mara simba - A",
		"access_rules": ["mara_simba"],
		"sections": [
			{
				"name": "A",
				"chest_unopened_img": "images/checks/a.png",
				"chest_opened_img": "images/checks/a_get.png",
				"item_count": 1
			}
		],
		"map_locations": [
			{
				"map": "mara_simba",
				"x": 206,
				"y": 284
			}
		]
	},
	{
		"name": "mara simba - L (a)",
		"access_rules": ["mara_simba"],
		"sections": [
			{
				"name": "L (a)",
				"chest_unopened_img": "images/checks/l.png",
				"chest_opened_img": "images/checks/l_get.png",
				"item_count": 1
			}
		],
		"map_locations": [
			{
				"map": "mara_simba",
				"x": 490,
				"y": 475
			}
		]
	},
	{
		"name": "mara simba - L (b)",
		"access_rules": ["mara_simba"],
		"sections": [
			{
				"name": "L (b)",
				"chest_unopened_img": "images/checks/l.png",
				"chest_opened_img": "images/checks/l_get.png",
				"item_count": 1
			}
		],
		"map_locations": [
			{
				"map": "mara_simba",
				"x": 344,
				"y": 330
			}
		]
	},
	{
		"name": "mara simba - Y",
		"access_rules": ["mara_simba"],
		"sections": [
			{
				"name": "Y",
				"chest_unopened_img": "images/checks/y.png",
				"chest_opened_img": "images/checks/y_get.png",
				"item_count": 1
			}
		],
		"map_locations": [
			{
				"map": "mara_simba",
				"x": 102,
				"y": 444
			}
		]
	},
	{
		"name": "mara simba - funselector's van",
		"access_rules": ["mara_simba"],
		"sections": [
			{
				"name": "funselector's van",
				"chest_unopened_img": "images/checks/van.png",
				"chest_opened_img": "images/checks/van_get.png",
				"item_count": 1
			}
		],
		"map_locations": [
			{
				"map": "mara_simba",
				"x": 302,
				"y": 465
			}
		]
	}        
]