[
	{
		"name": "san pietro island - cassette 1",
		"access_rules": ["san_pietro_island"],
		"sections": [
			{
				"name": "cassette 1",
				"chest_unopened_img": "images/checks/cassette.png",
				"chest_opened_img": "images/checks/cassette_get.png",
				"item_count": 1
			}
		],
		"map_locations": [
			{
				"map": "san_pietro_island",
				"x": 336,
				"y": 523
			}
		]
	},
	{
		"name": "san pietro island - cassette 2",
		"access_rules": ["san_pietro_island"],
		"sections": [
			{
				"name": "cassette 2",
				"chest_unopened_img": "images/checks/cassette.png",
				"chest_opened_img": "images/checks/cassette_get.png",
				"item_count": 1
			}
		],
		"map_locations": [
			{
				"map": "san_pietro_island",
				"x": 262,
				"y": 638
			}
		]
	},
	{
		"name": "san pietro island - cassette 3",
		"access_rules": ["san_pietro_island"],
		"sections": [
			{
				"name": "cassette 3",
				"chest_unopened_img": "images/checks/cassette.png",
				"chest_opened_img": "images/checks/cassette_get.png",
				"item_count": 1
			}
		],
		"map_locations": [
			{
				"map": "san_pietro_island",
				"x": 116,
				"y": 320
			}
		]
	},
	{
		"name": "san pietro island - cassette 4",
		"access_rules": ["san_pietro_island"],
		"sections": [
			{
				"name": "cassette 4",
				"chest_unopened_img": "images/checks/cassette.png",
				"chest_opened_img": "images/checks/cassette_get.png",
				"item_count": 1
			}
		],
		"map_locations": [
			{
				"map": "san_pietro_island",
				"x": 294,
				"y": 225
			}
		]
	},
	{
		"name": "san pietro island - cassette 5",
		"access_rules": ["san_pietro_island"],
		"sections": [
			{
				"name": "cassette 5",
				"chest_unopened_img": "images/checks/cassette.png",
				"chest_opened_img": "images/checks/cassette_get.png",
				"item_count": 1
			}
		],
		"map_locations": [
			{
				"map": "san_pietro_island",
				"x": 607,
				"y": 286
			}
		]
	},
	{
		"name": "san pietro island - view 1",
		"access_rules": ["san_pietro_island"],
		"sections": [
			{
				"name": "view 1",
				"chest_unopened_img": "images/checks/view.png",
				"chest_opened_img": "images/checks/view_get.png",
				"item_count": 1
			}
		],
		"map_locations": [
			{
				"map": "san_pietro_island",
				"x": 316,
				"y": 450
			}
		]
	},
	{
		"name": "san pietro island - view 2",
		"access_rules": ["san_pietro_island"],
		"sections": [
			{
				"name": "view 2",
				"chest_unopened_img": "images/checks/view.png",
				"chest_opened_img": "images/checks/view_get.png",
				"item_count": 1
			}
		],
		"map_locations": [
			{
				"map": "san_pietro_island",
				"x": 364,
				"y": 666
			}
		]
	},
	{
		"name": "san pietro island - view 3",
		"access_rules": ["san_pietro_island"],
		"sections": [
			{
				"name": "view 3",
				"chest_unopened_img": "images/checks/view.png",
				"chest_opened_img": "images/checks/view_get.png",
				"item_count": 1
			}
		],
		"map_locations": [
			{
				"map": "san_pietro_island",
				"x": 199,
				"y": 554
			}
		]
	},
	{
		"name": "san pietro island - view 4",
		"access_rules": ["san_pietro_island"],
		"sections": [
			{
				"name": "view 4",
				"chest_unopened_img": "images/checks/view.png",
				"chest_opened_img": "images/checks/view_get.png",
				"item_count": 1
			}
		],
		"map_locations": [
			{
				"map": "san_pietro_island",
				"x": 522,
				"y": 411
			}
		]
	},
	{
		"name": "san pietro island - view 5",
		"access_rules": ["san_pietro_island"],
		"sections": [
			{
				"name": "view 5",
				"chest_unopened_img": "images/checks/view.png",
				"chest_opened_img": "images/checks/view_get.png",
				"item_count": 1
			}
		],
		"map_locations": [
			{
				"map": "san_pietro_island",
				"x": 526,
				"y": 336
			}
		]
	},
	{
		"name": "san pietro island - R",
		"access_rules": ["san_pietro_island"],
		"sections": [
			{
				"name": "R",
				"chest_unopened_img": "images/checks/r.png",
				"chest_opened_img": "images/checks/r_get.png",
				"item_count": 1
			}
		],
		"map_locations": [
			{
				"map": "san_pietro_island",
				"x": 408,
				"y": 464
			}
		]
	},
	{
		"name": "san pietro island - A",
		"access_rules": ["san_pietro_island"],
		"sections": [
			{
				"name": "A",
				"chest_unopened_img": "images/checks/a.png",
				"chest_opened_img": "images/checks/a_get.png",
				"item_count": 1
			}
		],
		"map_locations": [
			{
				"map": "san_pietro_island",
				"x": 174,
				"y": 545
			}
		]
	},
	{
		"name": "san pietro island - L (a)",
		"access_rules": ["san_pietro_island"],
		"sections": [
			{
				"name": "L (a)",
				"chest_unopened_img": "images/checks/l.png",
				"chest_opened_img": "images/checks/l_get.png",
				"item_count": 1
			}
		],
		"map_locations": [
			{
				"map": "san_pietro_island",
				"x": 284,
				"y": 398
			}
		]
	},
	{
		"name": "san pietro island - L (b)",
		"access_rules": ["san_pietro_island"],
		"sections": [
			{
				"name": "L (b)",
				"chest_unopened_img": "images/checks/l.png",
				"chest_opened_img": "images/checks/l_get.png",
				"item_count": 1
			}
		],
		"map_locations": [
			{
				"map": "san_pietro_island",
				"x": 200,
				"y": 150
			}
		]
	},
	{
		"name": "san pietro island - Y",
		"access_rules": ["san_pietro_island"],
		"sections": [
			{
				"name": "Y",
				"chest_unopened_img": "images/checks/y.png",
				"chest_opened_img": "images/checks/y_get.png",
				"item_count": 1
			}
		],
		"map_locations": [
			{
				"map": "san_pietro_island",
				"x": 345,
				"y": 203
			}
		]
	},
	{
		"name": "san pietro island - funselector's van",
		"access_rules": ["san_pietro_island"],
		"sections": [
			{
				"name": "funselector's van",
				"chest_unopened_img": "images/checks/van.png",
				"chest_opened_img": "images/checks/van_get.png",
				"item_count": 1
			}
		],
		"map_locations": [
			{
				"map": "san_pietro_island",
				"x": 570,
				"y": 328
			}
		]
	}        
]