[
   {
        "name": "group promotion",
        "type": "progressive",
        "codes": "group_promotion",
        "stages": [
            {
                "img": "images/items/group_2.png",
                "disabled_img": "images/items/group_no.png",
                "disabled_img_mods": "none",
                "codes": "promo_1",
                "inherit_codes": true
            },
            {
                "img": "images/items/group_3.png",
                "codes": "promo_2",
                "inherit_codes": true
            },
            {
                "img": "images/items/group_4.png",
                "codes": "promo_3",
                "inherit_codes": true
            },
			{
                "img": "images/items/group_b.png",
                "codes": "promo_4",
                "inherit_codes": true
            },
			{
                "img": "images/items/group_s.png",
                "codes": "promo_5",
                "inherit_codes": true
            },
			{
                "img": "images/items/group_a.png",
                "codes": "promo_6",
                "inherit_codes": true
            }
        ]
    },
	{
        "name": "korkatti lakes",
        "type": "toggle",
        "img": "images/items/korkatti.png",
		"disabled_img": "images/items/korkatti_no.png",
        "disabled_img_mods": "none",
        "codes": "korkatti_lakes"
    },
	{
        "name": "san pietro island",
        "type": "toggle",
        "img": "images/items/san_pietro.png",
		"disabled_img": "images/items/san_pietro_no.png",
        "disabled_img_mods": "none",
        "codes": "san_pietro_island"
    },
	{
        "name": "kanto mountains",
        "type": "toggle",
        "img": "images/items/kanto.png",
		"disabled_img": "images/items/kanto_no.png",
        "disabled_img_mods": "none",
        "codes": "kanto_mountains"
    },
	{
        "name": "gimsoymyrene",
        "type": "toggle",
        "img": "images/items/gimsoymyrene.png",
		"disabled_img": "images/items/gimsoymyrene_no.png",
        "disabled_img_mods": "none",
        "codes": "gimsoymyrene"
    },
    {
        "name": "mannebach",
        "type": "toggle",
        "img": "images/items/mannebach.png",
		"disabled_img": "images/items/mannebach_no.png",
        "disabled_img_mods": "none",
        "codes": "mannebach"
    },
    {
        "name": "mara simba",
        "type": "toggle",
        "img": "images/items/mara_simba.png",
		"disabled_img": "images/items/mara_simba_no.png",
        "disabled_img_mods": "none",
        "codes": "mara_simba"
    },
    {
        "name": "kabeana island",
        "type": "toggle",
        "img": "images/items/kabeana.png",
		"disabled_img": "images/items/kabeana_no.png",
        "disabled_img_mods": "none",
        "codes": "kabeana_island"
    },
	{
        "name": "das speedvan",
        "type": "toggle",
        "img": "images/items/das_speedvan.png",
		"disabled_img": "images/items/das_speedvan_no.png",
        "disabled_img_mods": "none",
        "codes": "das_speedvan"
    },
	{
        "name": "das hispeedvan",
        "type": "toggle",
        "img": "images/items/das_hispeedvan.png",
		"disabled_img": "images/items/das_hispeedvan_no.png",
        "disabled_img_mods": "none",
        "codes": "das_hispeedvan"
    },
	{
        "name": "das cube van",
        "type": "toggle",
        "img": "images/items/das_cube_van.png",
		"disabled_img": "images/items/das_cube_van_no.png",
        "disabled_img_mods": "none",
        "codes": "das_cube_van"
    },
	{
        "name": "funselector van",
        "type": "toggle",
        "img": "images/items/funselector_van.png",
		"disabled_img": "images/items/funselector_van_no.png",
        "disabled_img_mods": "none",
        "codes": "funselector_van"
    },
	{
        "name": "little monkey",
        "type": "toggle",
        "img": "images/items/little_monkey.png",
		"disabled_img": "images/items/little_monkey_no.png",
        "disabled_img_mods": "none",
        "codes": "little_monkey"
    },
	{
        "name": "dakar truck",
        "type": "toggle",
        "img": "images/items/dakar_truck.png",
		"disabled_img": "images/items/dakar_truck_no.png",
        "disabled_img_mods": "none",
        "codes": "dakar_truck"
    },
	{
        "name": "log transporter",
        "type": "toggle",
        "img": "images/items/log_transporter.png",
		"disabled_img": "images/items/log_transporter_no.png",
        "disabled_img_mods": "none",
        "codes": "log_transporter"
    },	
	{
        "name": "the esky v1",
        "type": "toggle",
        "img": "images/items/the_esky_v1.png",
		"disabled_img": "images/items/the_esky_v1_no.png",
        "disabled_img_mods": "none",
        "codes": "the_esky_v1"
    },
	{
        "name": "the meanie",
        "type": "toggle",
        "img": "images/items/the_meanie.png",
		"disabled_img": "images/items/the_meanie_no.png",
        "disabled_img_mods": "none",
        "codes": "the_meanie"
    },
	{
        "name": "la montaine",
        "type": "toggle",
        "img": "images/items/la_montaine.png",
		"disabled_img": "images/items/la_montaine_no.png",
        "disabled_img_mods": "none",
        "codes": "la_montaine"
    },
	{
        "name": "das 220",
        "type": "toggle",
        "img": "images/items/das_220.png",
		"disabled_img": "images/items/das_220_no.png",
        "disabled_img_mods": "none",
        "codes": "das_220"
    },
	{
        "name": "das 119i",
        "type": "toggle",
        "img": "images/items/das_119i.png",
		"disabled_img": "images/items/das_119i_no.png",
        "disabled_img_mods": "none",
        "codes": "das_119i"
    },
	{
        "name": "le gorde",
        "type": "toggle",
        "img": "images/items/le_gorde.png",
		"disabled_img": "images/items/le_gorde_no.png",
        "disabled_img_mods": "none",
        "codes": "le_gorde"
    },
	{
        "name": "la regina",
        "type": "toggle",
        "img": "images/items/la_regina.png",
		"disabled_img": "images/items/la_regina_no.png",
        "disabled_img_mods": "none",
        "codes": "la_regina"
    },
	{
        "name": "the esky v2",
        "type": "toggle",
        "img": "images/items/the_esky_v2.png",
		"disabled_img": "images/items/the_esky_v2_no.png",
        "disabled_img_mods": "none",
        "codes": "the_esky_v2"
    },
	{
        "name": "il nonno 313",
        "type": "toggle",
        "img": "images/items/il_nonno_313.png",
		"disabled_img": "images/items/il_nonno_313_no.png",
        "disabled_img_mods": "none",
        "codes": "il_nonno_313"
    },
	{
        "name": "the rotary 3",
        "type": "toggle",
        "img": "images/items/the_rotary_3.png",
		"disabled_img": "images/items/the_rotary_3_no.png",
        "disabled_img_mods": "none",
        "codes": "the_rotary_3"
    },
	{
        "name": "la wedge",
        "type": "toggle",
        "img": "images/items/la_wedge.png",
		"disabled_img": "images/items/la_wedge_no.png",
        "disabled_img_mods": "none",
        "codes": "la_wedge"
    },
	{
        "name": "il cavallo 803",
        "type": "toggle",
        "img": "images/items/il_cavallo_803.png",
		"disabled_img": "images/items/il_cavallo_803_no.png",
        "disabled_img_mods": "none",
        "codes": "il_cavallo_803"
    },
	{
        "name": "das 119e",
        "type": "toggle",
        "img": "images/items/das_119e.png",
		"disabled_img": "images/items/das_119e_no.png",
        "disabled_img_mods": "none",
        "codes": "das_119e"
    },
	{
        "name": "la hepta",
        "type": "toggle",
        "img": "images/items/la_hepta.png",
		"disabled_img": "images/items/la_hepta_no.png",
        "disabled_img_mods": "none",
        "codes": "la_hepta"
    },
	{
        "name": "the pebble v1",
        "type": "toggle",
        "img": "images/items/the_pebble_v1.png",
		"disabled_img": "images/items/the_pebble_v1_no.png",
        "disabled_img_mods": "none",
        "codes": "the_pebble_v1"
    },
	{
        "name": "the pebble v2",
        "type": "toggle",
        "img": "images/items/the_pebble_v2.png",
		"disabled_img": "images/items/the_pebble_v2_no.png",
        "disabled_img_mods": "none",
        "codes": "the_pebble_v2"
    },
	{
        "name": "the zetto",
        "type": "toggle",
        "img": "images/items/the_zetto.png",
		"disabled_img": "images/items/the_zetto_no.png",
        "disabled_img_mods": "none",
        "codes": "the_zetto"
    },
	{
        "name": "le cinq",
        "type": "toggle",
        "img": "images/items/le_cinq.png",
		"disabled_img": "images/items/le_cinq_no.png",
        "disabled_img_mods": "none",
        "codes": "le_cinq"
    },
	{
        "name": "das whip",
        "type": "toggle",
        "img": "images/items/das_whip.png",
		"disabled_img": "images/items/das_whip_no.png",
        "disabled_img_mods": "none",
        "codes": "das_whip"
    },
	{
        "name": "turbo brick",
        "type": "toggle",
        "img": "images/items/turbo_brick.png",
		"disabled_img": "images/items/turbo_brick_no.png",
        "disabled_img_mods": "none",
        "codes": "turbo_brick"
    },
	{
        "name": "das uberwhip",
        "type": "toggle",
        "img": "images/items/das_uberwhip.png",
		"disabled_img": "images/items/das_uberwhip_no.png",
        "disabled_img_mods": "none",
        "codes": "das_uberwhip"
    },
	{
        "name": "the cozzie sr5",
        "type": "toggle",
        "img": "images/items/the_cozzie_sr5.png",
		"disabled_img": "images/items/the_cozzie_sr5_no.png",
        "disabled_img_mods": "none",
        "codes": "the_cozzie_sr5"
    },
	{
        "name": "the original",
        "type": "toggle",
        "img": "images/items/the_original.png",
		"disabled_img": "images/items/the_original_no.png",
        "disabled_img_mods": "none",
        "codes": "the_original"
    },
	{
        "name": "la super montaine",
        "type": "toggle",
        "img": "images/items/la_super_montaine.png",
		"disabled_img": "images/items/la_super_montaine_no.png",
        "disabled_img_mods": "none",
        "codes": "la_super_montaine"
    },
	{
        "name": "la longana",
        "type": "toggle",
        "img": "images/items/la_longana.png",
		"disabled_img": "images/items/la_longana_no.png",
        "disabled_img_mods": "none",
        "codes": "la_longana"
    },
	{
        "name": "the gazelle",
        "type": "toggle",
        "img": "images/items/the_gazelle.png",
		"disabled_img": "images/items/the_gazelle_no.png",
        "disabled_img_mods": "none",
        "codes": "the_gazelle"
    },
	{
        "name": "the 4r6",
        "type": "toggle",
        "img": "images/items/the_4r6.png",
		"disabled_img": "images/items/the_4r6_no.png",
        "disabled_img_mods": "none",
        "codes": "the_4r6"
    },
	{
        "name": "le 502",
        "type": "toggle",
        "img": "images/items/le_502.png",
		"disabled_img": "images/items/le_502_no.png",
        "disabled_img_mods": "none",
        "codes": "le_502"
    },
	{
        "name": "das hammer v1",
        "type": "toggle",
        "img": "images/items/das_hammer_v1.png",
		"disabled_img": "images/items/das_hammer_v1_no.png",
        "disabled_img_mods": "none",
        "codes": "das_hammer_v1"
    },
	{
        "name": "das hammer v2",
        "type": "toggle",
        "img": "images/items/das_hammer_v2.png",
		"disabled_img": "images/items/das_hammer_v2_no.png",
        "disabled_img_mods": "none",
        "codes": "das_hammer_v2"
    },
	{
        "name": "il gorilla 4s",
        "type": "toggle",
        "img": "images/items/il_gorilla_4s.png",
		"disabled_img": "images/items/il_gorilla_4s_no.png",
        "disabled_img_mods": "none",
        "codes": "il_gorilla_4s"
    },
	{
        "name": "the cozzie sr2",
        "type": "toggle",
        "img": "images/items/the_cozzie_sr2.png",
		"disabled_img": "images/items/the_cozzie_sr2_no.png",
        "disabled_img_mods": "none",
        "codes": "the_cozzie_sr2"
    },
	{
        "name": "the cozzie sr71",
        "type": "toggle",
        "img": "images/items/the_cozzie_sr71.png",
		"disabled_img": "images/items/the_cozzie_sr71_no.png",
        "disabled_img_mods": "none",
        "codes": "the_cozzie_sr71"
    },
	{
        "name": "the rotary b7",
        "type": "toggle",
        "img": "images/items/the_rotary_b7.png",
		"disabled_img": "images/items/the_rotary_b7_no.png",
        "disabled_img_mods": "none",
        "codes": "the_rotary_b7"
    },
	{
        "name": "das hammer v3",
        "type": "toggle",
        "img": "images/items/das_hammer_v3.png",
		"disabled_img": "images/items/das_hammer_v3_no.png",
        "disabled_img_mods": "none",
        "codes": "das_hammer_v3"
    },
	{
        "name": "il monster",
        "type": "toggle",
        "img": "images/items/il_monster.png",
		"disabled_img": "images/items/il_monster_no.png",
        "disabled_img_mods": "none",
        "codes": "il_monster"
    },
	{
        "name": "il cavallo 882",
        "type": "toggle",
        "img": "images/items/il_cavallo_882.png",
		"disabled_img": "images/items/il_cavallo_882_no.png",
        "disabled_img_mods": "none",
        "codes": "il_cavallo_882"
    },
	{
        "name": "le cinq b",
        "type": "toggle",
        "img": "images/items/le_cinq_b.png",
		"disabled_img": "images/items/le_cinq_b_no.png",
        "disabled_img_mods": "none",
        "codes": "le_cinq_b"
    },
	{
        "name": "das uberspeedvan",
        "type": "toggle",
        "img": "images/items/das_uberspeedvan.png",
		"disabled_img": "images/items/das_uberspeedvan_no.png",
        "disabled_img_mods": "none",
        "codes": "das_uberspeedvan"
    },
	{
        "name": "the king of africa",
        "type": "toggle",
        "img": "images/items/the_king_of_africa.png",
		"disabled_img": "images/items/the_king_of_africa_no.png",
        "disabled_img_mods": "none",
        "codes": "the_king_of_africa"
    },
	{
        "name": "das 559",
        "type": "toggle",
        "img": "images/items/das_559.png",
		"disabled_img": "images/items/das_559_no.png",
        "disabled_img_mods": "none",
        "codes": "das_559"
    },
	{
        "name": "the hyena",
        "type": "toggle",
        "img": "images/items/the_hyena.png",
		"disabled_img": "images/items/the_hyena_no.png",
        "disabled_img_mods": "none",
        "codes": "the_hyena"
    },
	{
        "name": "das eibenhammer",
        "type": "toggle",
        "img": "images/items/das_eibenhammer.png",
		"disabled_img": "images/items/das_eibenhammer_no.png",
        "disabled_img_mods": "none",
        "codes": "das_eibenhammer"
    },
	{
        "name": "the rotary s7",
        "type": "toggle",
        "img": "images/items/the_rotary_s7.png",
		"disabled_img": "images/items/the_rotary_s7_no.png",
        "disabled_img_mods": "none",
        "codes": "the_rotary_s7"
    },
	{
        "name": "the umibozu",
        "type": "toggle",
        "img": "images/items/the_umibozu.png",
		"disabled_img": "images/items/the_umibozu_no.png",
        "disabled_img_mods": "none",
        "codes": "the_umibozu"
    },
	{
        "name": "il gorilla e1",
        "type": "toggle",
        "img": "images/items/il_gorilla_e1.png",
		"disabled_img": "images/items/il_gorilla_e1_no.png",
        "disabled_img_mods": "none",
        "codes": "il_gorilla_e1"
    },
	{
        "name": "le 504",
        "type": "toggle",
        "img": "images/items/le_504.png",
		"disabled_img": "images/items/le_504_no.png",
        "disabled_img_mods": "none",
        "codes": "le_504"
    },
	{
        "name": "il gorilla e2",
        "type": "toggle",
        "img": "images/items/il_gorilla_e2.png",
		"disabled_img": "images/items/il_gorilla_e2_no.png",
        "disabled_img_mods": "none",
        "codes": "il_gorilla_e2"
    },
	{
        "name": "das superbaus",
        "type": "toggle",
        "img": "images/items/das_superbaus.png",
		"disabled_img": "images/items/das_superbaus_no.png",
        "disabled_img_mods": "none",
        "codes": "das_superbaus"
    },
	{
        "name": "the t22",
        "type": "toggle",
        "img": "images/items/the_t22.png",
		"disabled_img": "images/items/the_t22_no.png",
        "disabled_img_mods": "none",
        "codes": "the_t22"
    },
	{
        "name": "il gorillona",
        "type": "toggle",
        "img": "images/items/il_gorillona.png",
		"disabled_img": "images/items/il_gorillona_no.png",
        "disabled_img_mods": "none",
        "codes": "il_gorillona"
    },
	{
        "name": "the fujin",
        "type": "toggle",
        "img": "images/items/the_fujin.png",
		"disabled_img": "images/items/the_fujin_no.png",
        "disabled_img_mods": "none",
        "codes": "the_fujin"
    },
	{
        "name": "the liftback",
        "type": "toggle",
        "img": "images/items/the_liftback.png",
		"disabled_img": "images/items/the_liftback_no.png",
        "disabled_img_mods": "none",
        "codes": "the_liftback"
    },
	{
        "name": "the max attack",
        "type": "toggle",
        "img": "images/items/the_max_attack.png",
		"disabled_img": "images/items/the_max_attack_no.png",
        "disabled_img_mods": "none",
        "codes": "the_max_attack"
    },
	{
        "name": "the cozzie 90",
        "type": "toggle",
        "img": "images/items/the_cozzie_90.png",
		"disabled_img": "images/items/the_cozzie_90_no.png",
        "disabled_img_mods": "none",
        "codes": "the_cozzie_90"
    }	
]
