{
    "group_b": {
        "type": "itemgrid",
        "h_alignment": "left",
        "item_margin": "4,4",
        "rows": [
                    [
                        "the_4r6",
						"le_502",
						"das_hammer_v1",
						"das_hammer_v2"
                    ],
					[
						"il_gorilla_4s",
						"the_cozzie_sr2",
						"the_cozzie_sr71",
						"the_rotary_b7"
					],
					[	
						"das_hammer_v3",
						"il_monster",
						"il_cavallo_882",
						"le_cinq_b"
					],
					[
                        "das_uberspeedvan",
						"the_king_of_africa",
						"das_559",
						"the_hyena"
                    ]
                ]
    }
}