{
    "free_roam": {
        "type": "dock",
        "dock": "left",
        "h_alignment": "left",
        "v_alignment": "center",
        "content": [
            {
                "type": "itemgrid",
                "item_margin": "4,4",
                "rows": [
                    [
                        "korkatti_lakes",
                        "san_pietro_island",
                        "kanto_mountains",
						"gimsoymyrene"
                    ],
                    [                      
                        "mannebach",
                        "mara_simba",
						"kabeana_island"
                    ]
                ]
            }
        ]
    },
	"career": {
        "type": "dock",
        "dock": "top",
        "h_alignment": "center",
        "v_alignment": "center",
        "content": [
            {
                "type": "itemgrid",
                "item_margin": "4,4",
                "rows": [
                    [
                        "group_promotion"
                    ]
                ]
            }
        ]
    },
	"items": {
        "type": "array",
        "orientation": "horizontal",
        "content": [
            {
                "type": "dock",
                "content": [
                    {
                        "type": "group",
                        "header": "free roam",
                        "dock": "left",
                        "h_alignment": "center",
                        "content": [
                            {
                                "type": "layout",
                                "key": "free_roam"
                            }
                        ]
                    }
                ]
            },
            {
                "type": "dock",
                "content": [
                    {
                        "type": "group",
                        "header": "career",
                        "dock": "left",
                        "h_alignment": "center",
                        "content": {
                            "type": "layout",
                            "key": "career"
                        }
                    }
                ]
            }
        ]
    }
}