{
   "tracker_default": {
      "type": "container",
      "background": "#877373",
      "content": {
         "type": "dock",
         "dropshadow": true,
         "content": [
            {
               "type": "dock",
               "dock": "bottom",
               "content": [
                  {
                     "type": "group",
                     "header": "Items",
                     "dock": "left",
                     "margin": "0,0,0,0",
                     "content": {
                        "type": "layout",
                        "h_alignment": "center",
                        "v_alignment": "center",
                        "key": "items"
                     }
                  }
               ]
            },
			{
               "type": "dock",
               "dock": "left",
			   "v_alignment": "stretch",
			   "h_alignment": "center",
               "margin": "0,0,0,0",
               "content": [
                  {
                     "type": "group",
                     "header": "cars",
                     "dock": "top",                 
                     "content": {
                        "type": "layout",
                        "key": "cars"
                     }
                  },
				  {
                     "type": "group",
                     "header": "group 2",
					 "dock": "top",
                     "content": {
                        "type": "layout",                 
                        "key": "group_2"
                     }
                  },
				  {
                     "type": "group",
                     "header": "group 3",
					 "dock": "top",
                     "content": {
                        "type": "layout",                 
                        "key": "group_3"
                     }
                  },
				  {
                     "type": "group",
                     "header": "group 4",
					 "dock": "top",
                     "content": {
                        "type": "layout",                 
                        "key": "group_4"
                     }
                  }
               ]
            },
			{
               "type": "dock",
               "dock": "right",
			   "v_alignment": "stretch",
			   "h_alignment": "center",
               "margin": "0,0,0,0",
               "content": [
				  {
                     "type": "group",
                     "header": "group b",
					 "dock": "top",
                     "content": {
                        "type": "layout",                 
                        "key": "group_b"
                     }
                  },
				  {
                     "type": "group",
                     "header": "group s",
					 "dock": "top",
                     "content": {
                        "type": "layout",                 
                        "key": "group_s"
                     }
                  },
				  {
                     "type": "group",
                     "header": "group a",
					 "dock": "top",
                     "content": {
                        "type": "layout",                 
                        "key": "group_a"
                     }
                  }
               ]
            },
            {
               "type": "tabbed",
               "tabs": [
                  {
                     "title": "career",
                     "content": {
                        "type": "map",
						"maps": ["career"]
								}
				  },
				  {
                     "title": "korkatti lakes",
                     "content": {
                        "type": "map",
						"maps": ["korkatti_lakes"]
								}
				  },
				  {
                     "title": "san pietro island",
                     "content": {
                        "type": "map",
						"maps": ["san_pietro_island"]
								}
				  },
				  {
                     "title": "kanto mountains",
                     "content": {
                        "type": "map",
						"maps": ["kanto_mountains"]
								}
				  },
				  {
                     "title": "gimsoymyrene",
                     "content": {
                        "type": "map",
						"maps": ["gimsoymyrene"]
								}
				  },
				  {
                     "title": "mannebach",
                     "content": {
                        "type": "map",
						"maps": ["mannebach"]
								}
				  },
				  {
                     "title": "mara simba",
                     "content": {
                        "type": "map",
						"maps": ["mara_simba"]
								}
				  },
				  {
                     "title": "kabeana island",
                     "content": {
                        "type": "map",
						"maps": ["kabeana_island"]
								}
				  }	 
				  
				  
                        ]
                  }
               ]
		}  
	}
}