﻿[
    {
        "name": "korkatti_lakes",
        "location_size": 15,
        "location_border_thickness": 2,
        "img": "images/maps/korkatti_lakes.png"
    },
    {
        "name": "san_pietro_island",
        "location_size": 15,
        "location_border_thickness": 2,
        "img": "images/maps/san_pietro_island.png"
    },
    {
        "name": "kanto_mountains",
        "location_size": 15,
        "location_border_thickness": 2,
        "img": "images/maps/kanto_mountains.png"
    },
    {
        "name": "gimsoymyrene",
        "location_size": 15,
        "location_border_thickness": 2,
        "img": "images/maps/gimsoymyrene.png"
    },
    {
        "name": "mannebach",
        "location_size": 15,
        "location_border_thickness": 2,
        "img": "images/maps/mannebach.png"
    },
    {
        "name": "mara_simba",
        "location_size": 15,
        "location_border_thickness": 2,
        "img": "images/maps/mara_simba.png"
    },
    {
        "name": "kabeana_island",
        "location_size": 15,
        "location_border_thickness": 2,
        "img": "images/maps/kabeana_island.png"
    },
	{
        "name": "career",
        "location_size": 25,
        "location_border_thickness": 5,
        "img": "images/maps/career.png"
    }
	
]
